gk1_1,单人1_1
gkd1_1,双人1_1
gk1_2,单人1_2
gkd1_2,双人1_2
gk1_3,单人1_3
gkd1_3,双人1_3
gk2_1,单人2_1
gkd2_1,双人2_1
gk2_2,单人2_2
gkd2_2,双人2_2
gk2_3,单人2_3
gkd2_3,双人2_3
gk3_1,单人3_1
gkd3_1,双人3_1
gk3_2,单人3_2
gkd3_2,双人3_2
gk3_3,单人3_3
gkd3_3,双人3_3
gk4_1,单人4_1
gkd4_1,双人4_1
gk4_2,单人4_2
gkd4_2,双人4_2
gk4_3,单人4_3
gkd4_3,双人4_3
gk5_1,单人5_1
gkd5_1,双人5_1
gk5_2,单人5_2
gkd5_2,双人5_2
gk5_3,单人5_3
gkd5_3,双人5_3
gk6_1,单人6_1
gkd6_1,双人6_1
gk6_2,单人6_2
gkd6_2,双人6_2
gk6_3,单人6_3
gkd6_3,双人6_3
gk7_1,单人7_1
gkd7_1,双人7_1
gk7_2,单人7_2
gkd7_2,双人7_2
gk7_3,单人7_3
gkd7_3,双人7_3
gk8_1,单人8_1
gkd8_1,双人8_1
gk8_2,单人8_2
gkd8_2,双人8_2
gk8_3,单人8_3
gkd8_3,双人8_3
gk9_1,单人9_1
gkd9_1,双人9_1
gk9_2,单人9_2
gkd9_2,双人9_2
gk9_3,单人9_3
gkd9_3,双人9_3
gk10_1,单人10_1
gkd10_1,双人10_1
gk10_2,单人10_2
gkd10_2,双人10_2
gk10_3,单人10_3
gkd10_3,双人10_3
gk11_1,单人11_1
gkd11_1,双人11_1
gk11_2,单人11_2
gkd11_2,双人11_2
gk11_3,单人11_3
gkd11_3,双人11_3
gk12_1,单人12_1
gkd12_1,双人12_1
gk12_2,单人12_2
gkd12_2,双人12_2
gk12_3,单人12_3
gkd12_3,双人12_3
gk13_1,单人13_1
gkd13_1,双人13_1
gk13_2,单人13_2
gkd13_2,双人13_2
gk13_3,单人13_3
gkd13_3,双人13_3
gk14_1,单人14_1
gkd14_1,双人14_1
gk14_2,单人14_2
gkd14_2,双人14_2
gk14_3,单人14_3
gkd14_3,双人14_3
